"CompLetter","Code","Name","Description"
"A","1.0","Activity Alteration","Change in or modification of energy used by the body"
"A","1.1","Activity Intolerance","Incapacity to carry out physiological or psychological daily activities"
"A","1.2","Activity Intolerance Risk","Increased chance of an incapacity to carry out physiological or psychological daily activities"
"A","1.3","Diversional Activity Deficit","Lack of interest or engagement in leisure activities"
"A","1.4","Fatigue","Exhaustion that interferes with physical and mental activities"
"A","1.5","Physical Mobility Impairment","Diminished ability to perform independent movement"
"A","1.6","Sleep Pattern Disturbance","Imbalance in the normal sleep/wake cycle"
"A","1.7","Sleep Deprivation","Lack of the normal sleep / wake cycle"
"A","2.0","Musculoskeletal Alteration","Change in or modification of the muscles, bones or support structures"
"B","3.0","Bowel Elimination Alteration","Change in or modification of the gastrointestinal system"
"B","3.1","Bowel Incontinence","Involuntary defecation"
"B","3.3","Diarrhea","Abnormal frequency and fluidity of feces"
"B","3.4","Fecal Impaction","Feces wedged in intestine"
"B","3.5","Perceived Constipation","Impression of infrequent or difficult passage of hard, dry feces without cause."
"B","3.6","Constipation","Difficult passage of hard, dry, feces"
"B","4.0","Gastrointestinal Alteration","Change in or modification of the stomach or intestines"
"B","4.1","Nausea","Distaste for food/fluid and an urge to vomit"
"B","4.2","Vomiting","Expulsion of stomach contents through the mouth."
"C","5.0","Cardiac Output Alteration","Change in or modification of the pumping action of the heart or blood vessels"
"C","6.0","Cardiovascular Alteration","Change in or modification of the heart or blood vessels"
"C","6.1","Blood Pressure Alteration","Change in or modification of the systolic or diastolic pressure"
"C","6.2","Bleeding Risk","Increased chance of loss of blood volume"
"D","7.0","Cerebral Alteration","Change in or modification of mental processes"
"D","7.1","Confusion","State of being disoriented (mixed-up)"
"D","8.0","Knowledge Deficit","Lack of information, understanding, or comprehension"
"D","8.1","Knowledge Deficit of Diagnostic Test","Lack of information on tests to identify disease or assess health condition"
"D","8.2","Knowledge Deficit of Dietary Regimen","Lack of information on the prescribed diet/food intake"
"D","8.3","Knowledge Deficit of Disease Process","Lack of information on the morbidity, course, or treatment of the health,condition"
"D","8.4","Knowledge Deficit of Fluid Volume","Lack of information on fluid volume intake requirements"
"D","8.5","Knowledge Deficit of Medication Regimen","Lack of information on prescribed regulated course of medicinal,substances"
"D","8.6","Knowledge Deficit of Safety Precautions","Lack of information on measures to prevent injury, danger, or loss"
"D","8.7","Knowledge Deficit of Therapeutic Regimen","Lack of information on regulated course of treating disease"
"D","9.0","Thought Processes Alteration","Change in or modification of thought and cognitive processes"
"D","9.1","Memory Impairment","Diminished or inability to recall past events"
"E","10.0","Dying Process","Physical and behavioral responses associated with death"
"E","11.0","Family Coping Impairment","Inadequate family response to problems or difficulties"
"E","11.2","Disabled Family Coping","Inability of family to function optimally"
"E","12.0","Individual Coping Impairment","Inadequate personal response to problems or difficulties"
"E","12.1","Adjustment Impairment","Inadequate adaptation to condition or change in health status"
"E","12.2","Decisional Conflict","Struggle related to determining a course of action"
"E","12.3","Defensive Coping","Self-protective strategies to guard against threats to self"
"E","12.4","Denial","Attempt to reduce anxiety by refusal to accept thoughts, feelings, or facts"
"E","13.0","Post-Trauma Response","Sustained behavior related to a traumatic event"
"E","13.1","Rape Trauma Syndrome","Group of symptoms related to a forced sexual act"
"E","14.0","Spiritual State Alteration","Change in or modification of the spirit or soul"
"E","14.1","Spiritual Distress","Anguish related to the spirit or soul"
"E","52.0","Community Coping Impairment","Inadequate community response to problems or difficulties"
"E","53.0","Grieving","Feeling of great sorrow"
"E","53.1","Anticipatory Grieving","Feeling great sorrow before the event or loss"
"E","53.2","Dysfunctional Grieving","Prolonged feeling of great sorrow"
"F","15.0","Fluid Volume Alteration","Change in or modification of bodily fluid"
"F","15.1","Fluid Volume Deficit","Dehydration or fluid loss"
"F","15.2","Fluid Volume Deficit Risk","Increased chance of dehydration or fluid loss."
"F","15.3","Fluid Volume Excess","Fluid retention, overload, or edema"
"F","15.4","Fluid Volume Excess Risk","Increased chance of fluid retention, overload, or edema"
"F","62.0","Electrolyte Imbalance","Higher or lower body electrolyte levels"
"G","17.0","Health Maintenance Alteration","Change in or modification of ability to manage health-related needs"
"G","17.1","Failure to Thrive","Inability to grow and develop normally"
"G","18.0","Health Seeking Behavior Alteration","Change in or modification of actions needed to improve health state"
"G","19.0","Home Maintenance Alteration","Inability to sustain a safe, healthy environment"
"G","20.0","Noncompliance","Failure to follow therapeutic recommendations"
"G","20.1","Noncompliance of Diagnostic Test","Failure to follow therapeutic recommendations on tests to identify disease or assess health condition."
"G","20.2","Noncompliance of Dietary Regimen","Failure to follow the prescribed diet/food intake."
"G","20.3","Noncompliance of Fluid Volume","Failure to follow fluid volume intake requirements"
"G","20.4","Noncompliance of Medication Regimen","Failure to follow prescribed regulated course of medicinal substances"
"G","20.5","Noncompliance of Safety Precautions","Failure to follow measures to prevent injury, danger, or loss"
"G","20.6","Noncompliance of Therapeutic Regimen","Failure to follow regulated course of treating disease"
"H","21.0","Medication Risk","Increased chance of negative response to medicinal substance"
"H","21.1","Polypharmacy","Use of two or more drugs together"
"I","22.0","Endocrine Alteration","Change in or modification of internal secretions or hormones"
"I","23.0","Immunologic Alteration","Change in or modification of the immune system"
"J","24.0","Nutrition Alteration","Change in or modification of food or nutrients"
"J","24.1","Body Nutrition Deficit","Less than adequate intake or absorption of food or nutrients"
"J","24.2","Body Nutrition Deficit Risk","Increased chance of less than adequate intake or absorption of food or nutrients"
"J","24.3","Body Nutrition Excess","More than adequate intake or absorption of food or nutrients"
"J","24.4","Body Nutrition Excess Risk","Increased chance of more than adequate intake or absorption of food or,nutrients"
"J","24.5","Swallowing Impairment","Inability to move food from mouth to stomach"
"J","54.0","Infant Feeding Pattern Impairment","Imbalance in the normal feeding habits of an infant"
"J","55.0","Breastfeeding Impairment","Diminished ability to nourish infant at the breast"
"K","25.0","Physical Regulation Alteration","Change in or modification of somatic control"
"K","25.1","Autonomic Dysreflexia","Life threatening inhibited sympathetic response to a noxious stimuli in a person with a spinal cord injury at T7 or above"
"K","25.2","Hyperthermia","Abnormal high body temperature"
"K","25.3","Hypothermia","Abnormal low body temperature"
"K","25.4","Thermoregulation Impairment","Fluctuation of temperature between hypothermia and hyperthermia"
"K","25.5","Infection Risk","Increased change of contamination with disease-producing germs"
"K","25.6","Infection","Contamination with disease-producing germs"
"K","25.7","Intracranial Adaptive Capacity Impairment","Intracranial fluid volumes are compromised"
"L","26.0","Respiration Alteration","Change in or modification of the breathing function"
"L","26.1","Airway Clearance Impairment","Inability to clear secretions/obstructions in airway"
"L","26.2","Breathing Pattern Impairment","Inadequate inhalation or exhalation"
"L","26.3","Gas Exchange Impairment","Imbalance of oxygen and carbon dioxide transfer between lung and vascular system"
"L","56.0","Ventilatory Weaning Impairment","Inability to tolerate decreased levels of ventilator support"
"M","27.0","Role Performance Alteration","Change in or modification of carrying out responsibilities"
"M","27.1","Parental Role Conflict","Struggle with parental position and responsibilities"
"M","27.2","Parenting Alteration","Change in or modification of nurturing figures ability to promote growth and development of infant/child"
"M","27.3","Sexual Dysfunction","Deleterious change in sex response"
"M","27.4","Caregiver Role Strain","Excessive tension of one who gives physical or emotional care and support to another person or patient"
"M","28.0","Communication Impairment","Diminished ability to exchange thoughts, opinions, or information"
"M","28.1","Verbal Impairment","Diminished ability to exchange thoughts, opinions, or information through, speech"
"M","29.0","Family Processes Alteration","Change in or modification of usual functioning of a related group"
"M","31.0","Sexuality Patterns Alteration","Change in or modification of persons's sexual response"
"M","32.0","Socialization Alteration","Change in or modification of personal identity"
"M","32.1","Social Interaction Alteration","Inadequate quantity or quality of personal relations"
"M","32.2","Social Isolation","State of aloneness; lack of interaction with others"
"M","32.3","Relocation Stress Syndrome","Excessive tension from moving to a new location"
"N","33.0","Injury Risk","Increased chance of danger or loss"
"N","33.1","Aspiration Risk","Increased chance of material into trachea-bronchial passages"
"N","33.2","Disuse Syndrome","Group of symptoms related to effects of immobility"
"N","33.3","Poisoning Risk","Exposure to or ingestion of dangerous products"
"N","33.4","Suffocation Risk","Increase chance of inadequate air for breathing"
"N","33.5","Trauma Risk","Increased chance of accidental tissue injury"
"N","33.6","Fall Risk","Increased chance of conditions that results in falls"
"N","34.0","Violence Risk","Increased chance of harming self or others"
"N","34.1","Suicide Risk","Increased chance of taking one's life intentionally"
"N","34.2","Self mutilation Risk","Increased chance of destroying a limb or essential part of the body"
"N","57.0","Perioperative Injury Risk","Increased chance of injury during the operative processes"
"N","57.1","Perioperative Positioning Injury","Damages from operative process positioning"
"N","57.2","Surgical Recovery Delay","Slow or delayed recovery from a surgical procedure"
"N","58.0","Substance Abuse","Excessive use of harmful bodily materials"
"N","58.1","Tobacco Abuse","Excessive use of tobacco products"
"N","58.2","Alcohol Abuse","Excessive use of distilled liquors"
"N","58.3","Drug Abuse","Excessive use of habit forming medications"
"O","35.0","Bathing/Hygiene Deficit","Impaired ability to cleanse oneself"
"O","36.0","Dressing/Grooming Deficit","Impaired ability to clothe and groom oneself"
"O","37.0","Feeding Deficit","Impaired ability to feed oneself"
"O","38.0","Self Care Deficit","Impaired ability to maintain oneself"
"O","38.1","Activities of Daily Living (ADLs) Alteration","Change in modification of ability to maintain oneself"
"O","38.2","Instrumental Activities of Daily Living (IADLs) Alteration","Change in or modification of more complex activities than those needed to maintain oneself"
"O","39.0","Toileting Deficit","Impaired ability to urinate or defecate for oneself"
"P","40.0","Anxiety","Feeling of distress or apprehension whose source is unknown"
"P","41.0","Fear","Feeling of dread or distress whose cause can be identified"
"P","42.0","Meaningfulness Alteration","Change in or modification of the ability to see the significance, purpose, or,value in something"
"P","42.1","Hopelessness","Feeling of despair or futility and passive abandonment"
"P","42.2","Powerlessness","Feeling of helplessness, or inability to act"
"P","43.0","Self Concept Alteration","Change in or modification of ability to maintain one's image of self"
"P","43.1","Body Image Disturbance","Imbalance in the perception of the way one's body looks"
"P","43.2","Personal Identity Disturbance","Imbalance in the ability to distinguish between the self and the non-self"
"P","43.3","Chronic Low Self-Esteem Disturbance","Persistent negative evaluation of oneself"
"P","43.4","Situational Self-Esteem Disturbance","Negative evaluation of oneself in response to a loss or change"
"Q","44.0","Sensory Perceptual Alteration","Change in or modification of the response to stimuli"
"Q","44.1","Auditory Alteration","Change in or modification of diminished ability to hear"
"Q","44.2","Gustatory Alteration","Change in or modification of diminished ability to taste"
"Q","44.3","Kinesthetic Alteration","Change in or modification of diminished balance"
"Q","44.4","Olfactory Alteration","Change in or modification of diminished ability to smell"
"Q","44.5","Tactile Alteration","Change in or modification of diminished ability to feel"
"Q","44.6","Unilateral Neglect","Lack of awareness of one side of the body"
"Q","44.7","Visual Alteration","Change in or modification of diminished ability to see"
"Q","45.0","Comfort Alteration","Change in or modification of sensation that is distressing"
"Q","63.0","Pain","Physical suffering or distress, to hurt"
"Q","63.1","Acute Pain","Severe pain of  limited duration"
"Q","63.2","Chronic Pain","Pain that persists over time"
"R","46.0","Skin Integrity Alteration","Change in or modification of skin conditions"
"R","46.1","Oral Mucous Membranes Impairment","Diminished ability to maintain the tissues of the oral cavity"
"R","46.2","Skin Integrity Impairment","Diminished ability to maintain the integument"
"R","46.3","Skin Integrity Impairment Risk","Increased chance of skin breakdown"
"R","46.4","Skin Incision","Cutting of the integument/skin"
"R","46.5","Latex Allergy Response","Pathological reaction to latex products"
"R","47.0","Peripheral Alteration","Change in or modification of neurovascularization of the extremities"
"S","48.0","Tissue Perfusion Alteration","Change in or modification of the oxygenation of tissues"
"T","49.0","Urinary Elimination Alteration","Change in or modification of excretion of the waste matter of the kidneys"
"T","49.1","Functional Urinary Incontinence","Involuntary, unpredictable passage of urine"
"T","49.2","Reflex Urinary Incontinence","Involuntary passage of urine occurring at predictable intervals"
"T","49.3","Stress Urinary Incontinence","Loss of urine occurring with increased abdominal pressure"
"T","49.5","Urge Urinary Incontinence","Involuntary passage of urine following a sense of urgency to void"
"T","49.6","Urinary Retention","Incomplete emptying of the bladder"
"T","50.0","Renal Alteration","Change in or modification of the kidney function"
"U","59.0","Reproductive Risk","Increased chance of harm in the process of replicating or giving rise to an offspring/child"
"U","59.1","Fertility Risk","Increased chance of conception to develop an offspring/child"
"U","59.2","Infertility Risk","Decreased chance of conception to develop an offspring/child"
"U","59.3","Contraception Risk","Increased chance of harm by preventing the conception of an offspring/child"
"U","60.0","Perinatal Risk","Increased chance of harm before, during, and immediately after the creation of an offspring / child"
"U","60.1","Pregnancy Risk","Increased chance of harm during the gestational period of the formation of an offspring / child"
"U","60.2","Labor Risk","Increased chance of harm during the period supporting the bringing forth of an offspring / child"
"U","60.3","Delivery Risk","Increased chance of harm during the period supporting the expulsion of an offspring / child at birth"
"U","60.4","Postpartum Risk","Increased chance of harm during the time period immediately following the delivery of an offspring / child"
"U","61.0","Growth and Development Alteration","Change in or modification of age specific normal growth standards and/or developmental skills."
